{"settings": [[]], "maxSetting": {"fmeasure": 0.5225225225225224, "precision": 0.5420560747663551, "recall": 0.5043478260869565, "qAccuracy": 0.34615384615384615, "settings": [[]], "phraseLenStat": {"1": [0.688, 0.688, 0.688], "2": [0.5, 0.467, 0.483], "3": [0.512, 0.489, 0.5], "4": [0.55, 0.458, 0.5]}, "wordLenStat": {"1": [0.667, 0.667, 0.667], "2": [0.4, 0.286, 0.333], "3": [0.5, 0.444, 0.471], "4": [0.6, 0.6, 0.6], "5": [0.667, 0.6, 0.632], "6": [0.429, 0.429, 0.429], "10": [0.429, 0.5, 0.462], "7": [0.667, 0.4, 0.5], "11": [0.5, 0.5, 0.5], "9": [0.615, 0.571, 0.593], "14": [0.7, 0.636, 0.667], "8": [0.5, 0.333, 0.4], "13": [0.375, 0.5, 0.429], "12": [0.667, 0.5, 0.571]}}, "precisions": [[0.542]], "recalls": [[0.504]], "fmeasures": [[0.523]], "qAccuracy": [[0.346]]}